0.0246884822845459,1709562604.785915,-0.7989130254831558,-0.20810285945491658,2.1683716180674857,14.154528617858887,0.04999999999999999,0,0,-0.23,-0.23,0,-0.73,0,-40.57142857142857,-1,0,0,-0.13296956498945323,-0.13296956498945323,0.6732467532467519,0.0,0.0,0.0
0.04988598823547363,1709562604.8111124,-0.7189304430852488,-0.18753118344848452,2.139192623046368,14.131192207336426,0.04999999999999999,0,0,-0.23,-0.23,0,-0.73,0,-40.57142857142857,-1,0,0,-0.13195645227907973,-0.13195645227907973,0.872727272727273,0.0,0.0,0.0
0.07492685317993164,1709562604.8361533,-0.7189304430852488,-0.18753118344848452,2.139192623046368,14.131192207336426,0.04999999999999999,0,0,-0.23,-0.23,0,-0.73,0,-40.57142857142857,-1,0,0,-0.13195645227907973,-0.13195645227907973,0.6981818181818182,0.0,0.0,0.0
0.09904122352600098,1709562604.8602676,-0.7189304430852488,-0.18753118344848452,2.139192623046368,14.131192207336426,0.04999999999999999,0,0,-0.23,-0.23,0,-0.73,0,-40.57142857142857,-1,0,0,-0.13195645227907973,-0.13195645227907973,0.9974025974025968,0.0,0.0,0.0
0.12443876266479492,1709562604.8856652,-0.6417078974422614,-0.190134125852494,2.2078851161896553,14.131192207336426,0.04999999999999999,0,0,-0.23,-0.23,0,-0.73,0,-40.57142857142857,-1,0,0,-0.13097830003426855,-0.13097830003426855,0.8228571428571438,0.0,0.0,0.0
0.1538095474243164,1709562604.915036,-0.5656577964589891,-0.1804294942589637,2.1963824372971192,14.119705200195312,0.04999999999999999,0,0,-0.23,-0.23,0,-0.73,0,-40.57142857142857,-1,0,0,-0.1300149987551471,-0.1300149987551471,0.8477922077922084,0.0,0.0,0.0
0.1756746768951416,1709562604.936901,-0.4983038069496124,-0.20990496217874233,2.153306782079376,14.119705200195312,0.04999999999999999,0,0,-0.23,-0.23,0,-0.73,0,-40.57142857142857,-1,0,0,-0.12916184822136167,-0.12916184822136167,0.7480519480519474,0.0,0.0,0.0
0.19974946975708008,1709562604.960976,-0.4983038069496124,-0.20990496217874233,2.153306782079376,14.119705200195312,0.04999999999999999,0,0,-0.23,-0.23,0,-0.73,0,-40.57142857142857,-1,0,0,-0.12916184822136167,-0.12916184822136167,0.9475324675324677,0.0,0.0,0.0
0.22450470924377441,1709562604.9857311,-0.34749344351914235,-0.18662319517569603,2.141373801269129,14.119705200195312,0.04999999999999999,0,0,-0.23,-0.23,0,-0.73,0,-40.57142857142857,-1,0,0,-0.12725158361790906,-0.12725158361790906,0.9225974025974031,0.0,0.0,0.0
0.24972152709960938,1709562605.010948,-0.30752712519934167,-0.191148835831064,2.1314070611661995,14.119705200195312,0.04999999999999999,0,0,-0.23,-0.23,0,-0.73,0,-40.57142857142857,-1,0,0,-0.12674534358585823,-0.12674534358585823,0.6732467532467519,0.0,0.0,0.0
0.2749321460723877,1709562605.0361586,-0.246392876702908,-0.21729650752116547,2.1507838809547026,14.035652160644531,0.04999999999999999,0,0,-0.23,-0.23,0,-0.73,0,-40.57142857142857,-1,0,0,-0.12597097643823674,-0.12597097643823674,1.0722077922077915,0.0,0.0,0.0
0.2997899055480957,1709562605.0610163,-0.11261615128880353,-0.21221420644844113,2.2243770348274743,14.035652160644531,0.04999999999999999,0,0,-0.23,-0.23,0,-0.73,0,-40.57142857142857,-1,0,0,-0.12427647124965809,-0.12427647124965809,0.8228571428571438,0.0,0.0,0.0
0.32437634468078613,1709562605.0856028,-0.04330541930392395,-0.20232473286049735,2.226901856942852,14.035652160644531,0.04999999999999999,0,0,-0.23,-0.23,0,-0.73,0,-40.57142857142857,-1,0,0,-0.12339853531118294,-0.12339853531118294,1.0722077922077915,0.0,0.0,0.0
0.34896278381347656,1709562605.1101892,0.024429033086563634,-0.22898669645075964,2.2330304576190576,14.071181297302246,0.04999999999999999,0,0,-0.23,-0.23,0,-0.73,0,-40.57142857142857,-1,0,0,-0.12254056558090344,-0.12254056558090344,0.7979220779220775,0.0,0.0,0.0
0.37488627433776855,1709562605.1361127,0.07702949382359536,-0.22530309005400695,2.212987694386478,14.071181297302246,0.04999999999999999,0,0,-0.23,-0.23,0,-0.73,0,-40.57142857142857,-1,0,0,-0.12187429307823437,-0.12187429307823437,0.8976623376623376,0.0,0.0,0.0
0.40021419525146484,1709562605.1614406,0.10803935306824664,-0.2108190335887603,2.166171016494272,14.071181297302246,0.04999999999999999,0,0,-0.23,-0.23,0,-0.73,0,-40.57142857142857,-1,0,0,-0.12148150152780211,-0.12148150152780211,0.872727272727273,0.0,0.0,0.0
0.42571210861206055,1709562605.1869385,0.023814102617850885,-0.21163620168992892,2.1729954426921725,14.071181297302246,0.04999999999999999,0,0,-0.23,-0.23,0,-0.73,0,-40.57142857142857,-1,0,0,-0.12254835470017379,-0.12254835470017379,0.7979220779220775,0.0,0.0,0.0
0.4492964744567871,1709562605.210523,0.004956270484563041,-0.22190133568222326,2.191718271867647,14.149862289428711,0.04999999999999999,0,0,-0.23,-0.23,0,-0.73,0,-40.57142857142857,-1,0,0,-0.12278722057386211,-0.12278722057386211,0.8228571428571438,0.0,0.0,0.0
0.4741842746734619,1709562605.2354107,0.004956270484563041,-0.22190133568222326,2.191718271867647,14.149862289428711,0.04999999999999999,0,0,-0.23,-0.23,0,-0.73,0,-40.57142857142857,-1,0,0,-0.12278722057386211,-0.12278722057386211,0.49870129870129887,0.0,0.0,0.0
0.4997425079345703,1709562605.260969,-0.17052612361016828,-0.18354811594530918,2.2215766572677693,14.149862289428711,0.04999999999999999,0,0,-0.23,-0.23,0,-0.73,0,-40.57142857142857,-1,0,0,-0.1250099975657287,-0.1250099975657287,0.4223376623376618,0.0,0.0,0.0
0.5243186950683594,1709562605.285545,-0.2653320307760012,-0.2083101130075442,2.2299617816910176,14.149862289428711,0.04999999999999999,0,0,-0.23,-0.23,0,-0.73,0,-40.57142857142857,-1,0,0,-0.12621087238982925,-0.12621087238982925,0.5236363636363635,0.0,0.0,0.0
0.5530111789703369,1709562605.3142376,-0.48441504415921455,-0.2163465776180047,2.2063739368357904,14.081794738769531,0.04999999999999999,0,0,-0.23,-0.23,0,-0.73,0,-40.57142857142857,-1,0,0,-0.1289859238926833,-0.1289859238926833,-0.0012413793103452364,0.0,0.0,0.0
0.5748422145843506,1709562605.3360686,-0.6578657771409844,-0.20294051710285643,2.165610940982331,14.081794738769531,0.04999999999999999,0,0,-0.23,-0.23,0,-0.73,0,-40.57142857142857,-1,0,0,-0.1311829665104524,-0.1311829665104524,0.14805194805194866,0.0,0.0,0.0
0.6004467010498047,1709562605.361673,-0.7470630317811793,-0.19470480306770188,2.1717512810461725,14.081794738769531,0.04999999999999999,0,0,-0.23,-0.23,0,-0.73,0,-40.57142857142857,-1,0,0,-0.13231279840256152,-0.13231279840256152,0.17298701298701324,0.0,0.0,0.0
0.6246955394744873,1709562605.385922,-0.9109172422573752,-0.2002756761094937,2.192504383952433,14.081794738769531,0.04999999999999999,0,0,-0.23,-0.23,0,-0.73,0,-40.57142857142857,-1,0,0,-0.13438828506859332,-0.13438828506859332,0.04831168831168853,0.0,0.0,0.0
0.6503076553344727,1709562605.411534,-0.9772149003229271,-0.2081152391727874,2.215065992884866,14.169684410095215,0.04999999999999999,0,0,-0.23,-0.23,0,-0.73,0,-40.57142857142857,-1,0,0,-0.13522805540409033,-0.13522805540409033,0.12311688311688318,0.0,0.0,0.0
0.674095869064331,1709562605.4353223,-1.0138364536618316,-0.20812014837125337,2.2656072583088447,14.169684410095215,0.04999999999999999,0,0,-0.23,-0.23,0,-0.73,0,-40.57142857142857,-1,0,0,-0.13569192841304978,-0.13569192841304978,0.3724675324675326,0.0,0.0,0.0
0.6996440887451172,1709562605.4608705,-1.0138364536618316,-0.20812014837125337,2.2656072583088447,14.169684410095215,0.04999999999999999,0,0,-0.23,-0.23,0,-0.73,0,-40.57142857142857,-1,0,0,-0.13569192841304978,-0.13569192841304978,0.32259740259740255,0.0,0.0,0.0
0.7248520851135254,1709562605.4860785,-1.0961688345776346,-0.20041825630841759,2.279986727502426,14.169684410095215,0.04999999999999999,0,0,-0.23,-0.23,0,-0.73,0,-40.57142857142857,-1,0,0,-0.1367348052379833,-0.1367348052379833,0.49870129870129887,0.0,0.0,0.0
0.749823808670044,1709562605.5110502,-1.0781452460184404,-0.20137085425422274,2.285834650092426,14.169684410095215,0.04999999999999999,0,0,-0.23,-0.23,0,-0.73,0,-40.57142857142857,-1,0,0,-0.13650650644956683,-0.13650650644956683,0.7231168831168828,0.0,0.0,0.0
0.7745366096496582,1709562605.535763,-0.9302001469447907,-0.20917093028637734,2.258069504229501,14.268587112426758,0.04999999999999999,0,0,-0.23,-0.23,0,-0.73,0,-40.57142857142857,-1,0,0,-0.13463253519463392,-0.13463253519463392,0.6233766233766218,0.0,0.0,0.0
0.8000202178955078,1709562605.5612466,-0.9302001469447907,-0.20917093028637734,2.258069504229501,14.268587112426758,0.04999999999999999,0,0,-0.23,-0.23,0,-0.73,0,-40.57142857142857,-1,0,0,-0.13463253519463392,-0.13463253519463392,0.772987012987012,0.0,0.0,0.0
0.8259203433990479,1709562605.5871468,-0.6996855313250916,-0.19134819197746378,2.2222929733569745,14.268587112426758,0.04999999999999999,0,0,-0.23,-0.23,0,-0.73,0,-40.57142857142857,-1,0,0,-0.1317126833967844,-0.1317126833967844,0.772987012987012,0.0,0.0,0.0
0.85001540184021,1709562605.6112418,-0.6996855313250916,-0.19134819197746378,2.2222929733569745,14.268587112426758,0.04999999999999999,0,0,-0.23,-0.23,0,-0.73,0,-40.57142857142857,-1,0,0,-0.1317126833967844,-0.1317126833967844,0.8976623376623376,0.0,0.0,0.0
0.8747158050537109,1709562605.6359422,-0.5247710034268234,-0.20692102328509288,2.274089286040943,14.339093208312988,0.04999999999999999,0,0,-0.23,-0.23,0,-0.73,0,-40.57142857142857,-1,0,0,-0.12949709937673967,-0.12949709937673967,0.872727272727273,0.0,0.0,0.0
0.8992414474487305,1709562605.6604679,-0.4239225132796447,-0.22765374234554936,2.3078878368185163,14.339093208312988,0.04999999999999999,0,0,-0.23,-0.23,0,-0.73,0,-40.57142857142857,-1,0,0,-0.12821968516820875,-0.12821968516820875,1.0722077922077915,0.0,0.0,0.0
0.9243791103363037,1709562605.6856055,-0.3156346664658527,-0.19765309691162036,2.3138646792291007,14.339093208312988,0.04999999999999999,0,0,-0.23,-0.23,0,-0.73,0,-40.57142857142857,-1,0,0,-0.12684803910856737,-0.12684803910856737,0.7979220779220775,0.0,0.0,0.0
0.9501619338989258,1709562605.7113883,-0.27595233460513646,-0.20117662074970055,2.3013995839938275,14.339093208312988,0.04999999999999999,0,0,-0.23,-0.23,0,-0.73,0,-40.57142857142857,-1,0,0,-0.12634539623833163,-0.12634539623833163,0.9225974025974031,0.0,0.0,0.0
0.9750621318817139,1709562605.7362885,-0.2308815170978089,-0.2279561916597339,2.2800757334050474,14.301698684692383,0.04999999999999999,0,0,-0.23,-0.23,0,-0.73,0,-40.57142857142857,-1,0,0,-0.12577449921657216,-0.12577449921657216,0.8477922077922084,0.0,0.0,0.0
0.9994235038757324,1709562605.76065,-0.13593772548810623,-0.2095979238312089,2.2204293989306185,14.301698684692383,0.04999999999999999,0,0,-0.23,-0.23,0,-0.73,0,-40.57142857142857,-1,0,0,-0.1245718778561826,-0.1245718778561826,0.772987012987012,0.0,0.0,0.0
1.0243585109710693,1709562605.785585,-0.1163478891748635,-0.1823613705770195,2.215223727566011,14.301698684692383,0.04999999999999999,0,0,-0.23,-0.23,0,-0.73,0,-40.57142857142857,-1,0,0,-0.12432373992954818,-0.12432373992954818,0.872727272727273,0.0,0.0,0.0
1.0503044128417969,1709562605.8115308,-0.1163478891748635,-0.1823613705770195,2.215223727566011,14.301698684692383,0.04999999999999999,0,0,-0.23,-0.23,0,-0.73,0,-40.57142857142857,-1,0,0,-0.12432373992954818,-0.12432373992954818,0.49870129870129887,0.0,0.0,0.0
1.0790140628814697,1709562605.8402405,-0.1163478891748635,-0.1823613705770195,2.215223727566011,14.301698684692383,0.04999999999999999,0,0,-0.23,-0.23,0,-0.73,0,-40.57142857142857,-1,0,0,-0.12432373992954818,-0.12432373992954818,0.9225974025974031,0.0,0.0,0.0
1.0999236106872559,1709562605.86115,-0.1678203014817854,-0.1731058239214176,2.2820148667990963,14.254947662353516,0.04999999999999999,0,0,-0.23,-0.23,0,-0.73,0,-40.57142857142857,-1,0,0,-0.12497572381876919,-0.12497572381876919,0.5236363636363635,0.0,0.0,0.0
1.1246113777160645,1709562605.8858378,-0.1678203014817854,-0.1731058239214176,2.2820148667990963,14.254947662353516,0.04999999999999999,0,0,-0.23,-0.23,0,-0.73,0,-40.57142857142857,-1,0,0,-0.12497572381876919,-0.12497572381876919,0.12311688311688318,0.0,0.0,0.0
1.1501185894012451,1709562605.911345,-0.25886981804752285,-0.19439893865893243,2.2542757610323823,14.254947662353516,0.04999999999999999,0,0,-0.23,-0.23,0,-0.73,0,-40.57142857142857,-1,0,0,-0.12612901769526852,-0.12612901769526852,0.772987012987012,0.0,0.0,0.0
1.1748628616333008,1709562605.9360893,-0.3426800811449875,-0.22055461447696723,2.255659301226133,14.180512428283691,0.04999999999999999,0,0,-0.23,-0.23,0,-0.73,0,-40.57142857142857,-1,0,0,-0.12719061436116974,-0.12719061436116974,0.5984415584415572,0.0,0.0,0.0
1.1993584632873535,1709562605.9605849,-0.5020739646497536,-0.14328948687337317,2.1848074010880634,14.180512428283691,0.04999999999999999,0,0,-0.23,-0.23,0,-0.73,0,-40.57142857142857,-1,0,0,-0.12920960355223013,-0.12920960355223013,0.3974025974025954,0.0,0.0,0.0
1.2250456809997559,1709562605.986272,-0.612882364710692,-0.15142957826014736,2.172710068850913,14.180512428283691,0.04999999999999999,0,0,-0.23,-0.23,0,-0.73,0,-40.57142857142857,-1,0,0,-0.13061317661966867,-0.13061317661966867,0.6233766233766218,0.0,0.0,0.0
1.2496223449707031,1709562606.0108488,-0.6979612287247807,-0.1844236608195402,2.1955459525672043,14.180512428283691,0.04999999999999999,0,0,-0.23,-0.23,0,-0.73,0,-40.57142857142857,-1,0,0,-0.1316908422305138,-0.1316908422305138,0.6732467532467519,0.0,0.0,0.0
1.2747042179107666,1709562606.0359306,-0.7335196204306902,-0.15344704538624,2.230970515254064,14.227283477783203,0.04999999999999999,0,0,-0.23,-0.23,0,-0.73,0,-40.57142857142857,-1,0,0,-0.1321412485254553,-0.1321412485254553,0.6732467532467519,0.0,0.0,0.0
1.3003275394439697,1709562606.061554,-0.7335196204306902,-0.15344704538624,2.230970515254064,14.227283477783203,0.04999999999999999,0,0,-0.23,-0.23,0,-0.73,0,-40.57142857142857,-1,0,0,-0.1321412485254553,-0.1321412485254553,0.4223376623376618,0.0,0.0,0.0
1.3270528316497803,1709562606.0882792,-0.7689751324122263,-0.17963377722065732,2.2478517546745738,14.227283477783203,0.04999999999999999,0,0,-0.23,-0.23,0,-0.73,0,-40.57142857142857,-1,0,0,-0.13259035167722144,-0.13259035167722144,0.6981818181818182,0.0,0.0,0.0
1.3494439125061035,1709562606.1106703,-0.7558110100040845,-0.19408603061758112,2.2584938297316883,14.227283477783203,0.04999999999999999,0,0,-0.23,-0.23,0,-0.73,0,-40.57142857142857,-1,0,0,-0.1324236061267183,-0.1324236061267183,0.6233766233766218,0.0,0.0,0.0
1.3740015029907227,1709562606.135228,-0.6887743041259962,-0.17216069649501708,2.243538703657122,14.254766464233398,0.04999999999999999,0,0,-0.23,-0.23,0,-0.73,0,-40.57142857142857,-1,0,0,-0.1315744745189292,-0.1315744745189292,0.4737662337662334,0.0,0.0,0.0
1.3994336128234863,1709562606.16066,-0.6815386791957196,-0.14440430181196628,2.208823840313709,14.254766464233398,0.04999999999999999,0,0,-0.23,-0.23,0,-0.73,0,-40.57142857142857,-1,0,0,-0.13148282326981237,-0.13148282326981237,0.5236363636363635,0.0,0.0,0.0
1.4246392250061035,1709562606.1858656,-0.642965932910013,-0.18973199846510957,2.2107187909215646,14.254766464233398,0.04999999999999999,0,0,-0.23,-0.23,0,-0.73,0,-40.57142857142857,-1,0,0,-0.1309942351501934,-0.1309942351501934,0.4488311688311688,0.0,0.0,0.0
1.4495785236358643,1709562606.210805,-0.5764664640988284,-0.18083268886340598,2.1932977531132125,14.254766464233398,0.04999999999999999,0,0,-0.23,-0.23,0,-0.73,0,-40.57142857142857,-1,0,0,-0.13015190854525174,-0.13015190854525174,0.49870129870129887,0.0,0.0,0.0
1.474782943725586,1709562606.2360094,-0.5991244427315823,-0.14549713207916826,2.217867224218218,14.126205444335938,0.04999999999999999,0,0,-0.23,-0.23,0,-0.73,0,-40.57142857142857,-1,0,0,-0.13043890960793328,-0.13043890960793328,0.4737662337662334,0.0,0.0,0.0
1.499751329421997,1709562606.2609777,-0.5689557106110474,-0.1866712199432976,2.2241021197133812,14.126205444335938,0.04999999999999999,0,0,-0.23,-0.23,0,-0.73,0,-40.57142857142857,-1,0,0,-0.13005677233440652,-0.13005677233440652,0.6233766233766218,0.0,0.0,0.0
1.5245683193206787,1709562606.2857947,-0.5392341424377369,-0.18660483904230163,2.198567244057877,14.126205444335938,0.04999999999999999,0,0,-0.23,-0.23,0,-0.73,0,-40.57142857142857,-1,0,0,-0.12968029913754459,-0.12968029913754459,0.5984415584415572,0.0,0.0,0.0
1.550238847732544,1709562606.3114653,-0.5936360655683597,-0.1466892135327471,2.1403428695912803,14.02883243560791,0.04999999999999999,0,0,-0.23,-0.23,0,-0.73,0,-40.57142857142857,-1,0,0,-0.1303693901638658,-0.1303693901638658,0.5735064935064926,0.0,0.0,0.0
1.5749156475067139,1709562606.336142,-0.5774984629937352,-0.15581178494294523,2.127870090393191,14.02883243560791,0.04999999999999999,0,0,-0.23,-0.23,0,-0.73,0,-40.57142857142857,-1,0,0,-0.1301649805312539,-0.1301649805312539,0.5735064935064926,0.0,0.0,0.0
1.5996840000152588,1709562606.3609104,-0.5774984629937352,-0.15581178494294523,2.127870090393191,14.02883243560791,0.04999999999999999,0,0,-0.23,-0.23,0,-0.73,0,-40.57142857142857,-1,0,0,-0.1301649805312539,-0.1301649805312539,0.3724675324675326,0.0,0.0,0.0
1.6256892681121826,1709562606.3869157,-0.5692153645212137,-0.16952125526763018,2.1393315747072954,14.02883243560791,0.04999999999999999,0,0,-0.23,-0.23,0,-0.73,0,-40.57142857142857,-1,0,0,-0.13006006128393527,-0.13006006128393527,0.5984415584415572,0.0,0.0,0.0
1.649587869644165,1709562606.4108143,-0.5497907334085206,-0.14653916281441837,2.1755919817938354,14.02883243560791,0.04999999999999999,0,0,-0.23,-0.23,0,-0.73,0,-40.57142857142857,-1,0,0,-0.12981401595650782,-0.12981401595650782,0.3974025974025954,0.0,0.0,0.0
1.6744673252105713,1709562606.4356937,-0.5032355236954791,-0.1600810800610264,2.178689045695613,14.077813148498535,0.04999999999999999,0,0,-0.23,-0.23,0,-0.73,0,-40.57142857142857,-1,0,0,-0.12922431663347597,-0.12922431663347597,0.4488311688311688,0.0,0.0,0.0
1.6996424198150635,1709562606.4608688,-0.4853180165118314,-0.16519411698501552,2.166401108491937,14.077813148498535,0.04999999999999999,0,0,-0.23,-0.23,0,-0.73,0,-40.57142857142857,-1,0,0,-0.12899736154248312,-0.12899736154248312,0.49870129870129887,0.0,0.0,0.0
1.7243356704711914,1709562606.485562,-0.5175018678809316,-0.1662685911188233,2.1668241533336543,14.077813148498535,0.04999999999999999,0,0,-0.23,-0.23,0,-0.73,0,-40.57142857142857,-1,0,0,-0.12940502365982504,-0.12940502365982504,0.49870129870129887,0.0,0.0,0.0
1.7493939399719238,1709562606.5106204,-0.5495566927077418,-0.14972886115681416,2.105387028636213,14.045185089111328,0.04999999999999999,0,0,-0.23,-0.23,0,-0.73,0,-40.57142857142857,-1,0,0,-0.12981105144096464,-0.12981105144096464,0.5984415584415572,0.0,0.0,0.0
1.7750816345214844,1709562606.536308,-0.530195881175106,-0.15426538742617213,2.100663099051503,14.045185089111328,0.04999999999999999,0,0,-0.23,-0.23,0,-0.73,0,-40.57142857142857,-1,0,0,-0.12956581449488458,-0.12956581449488458,0.6233766233766218,0.0,0.0,0.0
1.8000810146331787,1709562606.5613074,-0.530195881175106,-0.15426538742617213,2.100663099051503,14.045185089111328,0.04999999999999999,0,0,-0.23,-0.23,0,-0.73,0,-40.57142857142857,-1,0,0,-0.12956581449488458,-0.12956581449488458,0.2976623376623371,0.0,0.0,0.0
1.8282537460327148,1709562606.5894802,-0.5098974127354743,-0.16515292240658397,2.157341289444738,14.045185089111328,0.04999999999999999,0,0,-0.23,-0.23,0,-0.73,0,-40.57142857142857,-1,0,0,-0.1293087005613159,-0.1293087005613159,0.5984415584415572,0.0,0.0,0.0
1.850447177886963,1709562606.6116736,-0.4825127297536602,-0.17164010801421514,2.1639847156296335,14.045185089111328,0.04999999999999999,0,0,-0.23,-0.23,0,-0.73,0,-40.57142857142857,-1,0,0,-0.12896182791021293,-0.12896182791021293,0.4488311688311688,0.0,0.0,0.0
1.8744401931762695,1709562606.6356666,-0.4614383945129976,-0.16555056748232566,2.1566947693511143,14.054019927978516,0.04999999999999999,0,0,-0.23,-0.23,0,-0.73,0,-40.57142857142857,-1,0,0,-0.1286948863304979,-0.1286948863304979,0.4223376623376618,0.0,0.0,0.0
1.8995823860168457,1709562606.6608088,-0.5180336621408406,-0.15439473413357918,2.1525102112674235,14.054019927978516,0.04999999999999999,0,0,-0.23,-0.23,0,-0.73,0,-40.57142857142857,-1,0,0,-0.12941175972045055,-0.12941175972045055,0.2976623376623371,0.0,0.0,0.0
1.9247167110443115,1709562606.6859431,-0.5021677730291356,-0.17081322823782052,2.111628113990312,14.054019927978516,0.04999999999999999,0,0,-0.23,-0.23,0,-0.73,0,-40.57142857142857,-1,0,0,-0.1292107917917023,-0.1292107917917023,0.5735064935064926,0.0,0.0,0.0
1.9494702816009521,1709562606.7106967,-0.4634493516150373,-0.17374956925069118,2.0858765932720713,14.054019927978516,0.04999999999999999,0,0,-0.23,-0.23,0,-0.73,0,-40.57142857142857,-1,0,0,-0.12872035845379037,-0.12872035845379037,0.3974025974025954,0.0,0.0,0.0
1.9745233058929443,1709562606.7357497,-0.5205887932206599,-0.1540397777401501,2.068276049554595,14.028706550598145,0.04999999999999999,0,0,-0.23,-0.23,0,-0.73,0,-40.57142857142857,-1,0,0,-0.12944412471412828,-0.12944412471412828,0.17298701298701324,0.0,0.0,0.0
1.9996302127838135,1709562606.7608566,-0.504557378743288,-0.18186831629630928,2.1028901676077503,14.028706550598145,0.04999999999999999,0,0,-0.23,-0.23,0,-0.73,0,-40.57142857142857,-1,0,0,-0.1292410601307482,-0.1292410601307482,0.4737662337662334,0.0,0.0,0.0
2.0246243476867676,1709562606.7858508,-0.504557378743288,-0.18186831629630928,2.1028901676077503,14.028706550598145,0.04999999999999999,0,0,-0.23,-0.23,0,-0.73,0,-40.57142857142857,-1,0,0,-0.1292410601307482,-0.1292410601307482,0.5984415584415572,0.0,0.0,0.0
2.051860809326172,1709562606.8130872,-0.6029668510265376,-0.14679678901217463,2.126296585563149,13.940731048583984,0.04999999999999999,0,0,-0.23,-0.23,0,-0.73,0,-40.57142857142857,-1,0,0,-0.1304875801130027,-0.1304875801130027,0.17298701298701324,0.0,0.0,0.0
2.0758605003356934,1709562606.837087,-0.6029668510265376,-0.14679678901217463,2.126296585563149,13.940731048583984,0.04999999999999999,0,0,-0.23,-0.23,0,-0.73,0,-40.57142857142857,-1,0,0,-0.1304875801130027,-0.1304875801130027,0.5735064935064926,0.0,0.0,0.0
2.099982500076294,1709562606.861209,-0.6029668510265376,-0.14679678901217463,2.126296585563149,13.940731048583984,0.04999999999999999,0,0,-0.23,-0.23,0,-0.73,0,-40.57142857142857,-1,0,0,-0.1304875801130027,-0.1304875801130027,0.2727272727272734,0.0,0.0,0.0
2.124399185180664,1709562606.8856256,-0.6898975500793458,-0.18563900760497942,2.11926063694439,13.940731048583984,0.04999999999999999,0,0,-0.23,-0.23,0,-0.73,0,-40.57142857142857,-1,0,0,-0.13158870230100495,-0.13158870230100495,0.5236363636363635,0.0,0.0,0.0
2.154057741165161,1709562606.9152842,-0.730851577786154,-0.1624927771682756,2.1521366852971884,13.987439155578613,0.04999999999999999,0,0,-0.23,-0.23,0,-0.73,0,-40.57142857142857,-1,0,0,-0.13210745331862453,-0.13210745331862453,0.3974025974025954,0.0,0.0,0.0
2.175896644592285,1709562606.937123,-0.7601211795354799,-0.1925118854573047,2.150226580207112,13.987439155578613,0.04999999999999999,0,0,-0.23,-0.23,0,-0.73,0,-40.57142857142857,-1,0,0,-0.13247820160744933,-0.13247820160744933,0.548571428571428,0.0,0.0,0.0
2.1996684074401855,1709562606.9608948,-0.7601211795354799,-0.1925118854573047,2.150226580207112,13.987439155578613,0.04999999999999999,0,0,-0.23,-0.23,0,-0.73,0,-40.57142857142857,-1,0,0,-0.13247820160744933,-0.13247820160744933,0.5735064935064926,0.0,0.0,0.0
2.224926710128784,1709562606.9861531,-0.7547612953060183,-0.1826192102181876,2.119230754866771,13.987439155578613,0.04999999999999999,0,0,-0.23,-0.23,0,-0.73,0,-40.57142857142857,-1,0,0,-0.1324103097405428,-0.1324103097405428,0.5984415584415572,0.0,0.0,0.0
2.249312400817871,1709562607.0105388,-0.7623930712081555,-0.17394529685909443,2.121480875311467,13.987439155578613,0.04999999999999999,0,0,-0.23,-0.23,0,-0.73,0,-40.57142857142857,-1,0,0,-0.13250697890196989,-0.13250697890196989,0.3724675324675326,0.0,0.0,0.0
2.274467706680298,1709562607.0356941,-0.7129429285040862,-0.16714797797446246,2.1255747199452433,13.974928855895996,0.04999999999999999,0,0,-0.23,-0.23,0,-0.73,0,-40.57142857142857,-1,0,0,-0.13188061042771834,-0.13188061042771834,0.34753246753246625,0.0,0.0,0.0
2.3001019954681396,1709562607.0613284,-0.5216366936497281,-0.19466190094197788,2.141895243523577,13.974928855895996,0.04999999999999999,0,0,-0.23,-0.23,0,-0.73,0,-40.57142857142857,-1,0,0,-0.12945739811956314,-0.12945739811956314,0.7231168831168828,0.0,0.0,0.0
2.3257181644439697,1709562607.0869446,-0.4758567104074829,-0.19537714981412502,2.1686006428480926,13.974928855895996,0.04999999999999999,0,0,-0.23,-0.23,0,-0.73,0,-40.57142857142857,-1,0,0,-0.12887751833182803,-0.12887751833182803,0.3974025974025954,0.0,0.0,0.0
2.3531973361968994,1709562607.1144238,-0.3584939967859768,-0.16612366304237214,2.1557560452270605,13.984960556030273,0.04999999999999999,0,0,-0.23,-0.23,0,-0.73,0,-40.57142857142857,-1,0,0,-0.12739092395928894,-0.12739092395928894,0.34753246753246625,0.0,0.0,0.0
2.3744075298309326,1709562607.135634,-0.32731279584269357,-0.21249040222300364,2.1519584600485335,13.984960556030273,0.04999999999999999,0,0,-0.23,-0.23,0,-0.73,0,-40.57142857142857,-1,0,0,-0.12699596208067404,-0.12699596208067404,0.5984415584415572,0.0,0.0,0.0
2.3997397422790527,1709562607.1609662,-0.31735854217934034,-0.2021646503018253,2.17903140892776,13.984960556030273,0.04999999999999999,0,0,-0.23,-0.23,0,-0.73,0,-40.57142857142857,-1,0,0,-0.1268698748676049,-0.1268698748676049,0.4223376623376618,0.0,0.0,0.0
2.4245924949645996,1709562607.185819,-0.2760849896854227,-0.1821722597143749,2.1490005612510945,13.984960556030273,0.04999999999999999,0,0,-0.23,-0.23,0,-0.73,0,-40.57142857142857,-1,0,0,-0.12634707653601526,-0.12634707653601526,0.548571428571428,0.0,0.0,0.0
2.449955463409424,1709562607.2111819,-0.27307874595526505,-0.1995343871411357,2.1715871430626805,14.066634178161621,0.04999999999999999,0,0,-0.23,-0.23,0,-0.73,0,-40.57142857142857,-1,0,0,-0.1263089974487666,-0.1263089974487666,0.4223376623376618,0.0,0.0,0.0
2.4747371673583984,1709562607.2359636,-0.27307874595526505,-0.1995343871411357,2.1715871430626805,14.066634178161621,0.04999999999999999,0,0,-0.23,-0.23,0,-0.73,0,-40.57142857142857,-1,0,0,-0.1263089974487666,-0.1263089974487666,0.34753246753246625,0.0,0.0,0.0
2.500763416290283,1709562607.2619898,-0.31600104208180047,-0.17918511916955215,2.120527637035427,14.066634178161621,0.04999999999999999,0,0,-0.23,-0.23,0,-0.73,0,-40.57142857142857,-1,0,0,-0.1268526798663694,-0.1268526798663694,0.49870129870129887,0.0,0.0,0.0
2.524441719055176,1709562607.2856681,-0.34055920068599277,-0.16949670927530058,2.1212721276549584,14.066634178161621,0.04999999999999999,0,0,-0.23,-0.23,0,-0.73,0,-40.57142857142857,-1,0,0,-0.1271637498753558,-0.1271637498753558,0.4737662337662334,0.0,0.0,0.0
2.550342559814453,1709562607.311569,-0.37259470888405666,-0.1837340251567805,2.138782384809344,14.027941703796387,0.04999999999999999,0,0,-0.23,-0.23,0,-0.73,0,-40.57142857142857,-1,0,0,-0.12756953297919796,-0.12756953297919796,0.19792207792207783,0.0,0.0,0.0
2.574653148651123,1709562607.3358796,-0.42790024469753085,-0.15635499842537293,2.1276814064173695,14.027941703796387,0.04999999999999999,0,0,-0.23,-0.23,0,-0.73,0,-40.57142857142857,-1,0,0,-0.12827006976616864,-0.12827006976616864,0.2727272727272734,0.0,0.0,0.0
2.599414587020874,1709562607.360641,-0.49964775339051815,-0.17417432163970137,2.142827137458461,14.027941703796387,0.04999999999999999,0,0,-0.23,-0.23,0,-0.73,0,-40.57142857142857,-1,0,0,-0.12917887154294647,-0.12917887154294647,0.548571428571428,0.0,0.0,0.0
2.6244595050811768,1709562607.385686,-0.49964775339051815,-0.17417432163970137,2.142827137458461,14.027941703796387,0.04999999999999999,0,0,-0.23,-0.23,0,-0.73,0,-40.57142857142857,-1,0,0,-0.12917887154294647,-0.12917887154294647,0.6233766233766218,0.0,0.0,0.0
2.650134801864624,1709562607.4113612,-0.6257855525481981,-0.18361940604477134,2.136630021447144,14.027941703796387,0.04999999999999999,0,0,-0.23,-0.23,0,-0.73,0,-40.57142857142857,-1,0,0,-0.13077661699894375,-0.13077661699894375,0.548571428571428,0.0,0.0,0.0
2.6743173599243164,1709562607.4355438,-0.7010201929775943,-0.1523567764399767,2.125406953423755,13.934957504272461,0.04999999999999999,0,0,-0.23,-0.23,0,-0.73,0,-40.57142857142857,-1,0,0,-0.13172958911104943,-0.13172958911104943,0.49870129870129887,0.0,0.0,0.0
2.700026273727417,1709562607.4612527,-0.7542994037633961,-0.1517949933807432,2.1076010771443547,13.934957504272461,0.04999999999999999,0,0,-0.23,-0.23,0,-0.73,0,-40.57142857142857,-1,0,0,-0.13240445911433626,-0.13240445911433626,0.6233766233766218,0.0,0.0,0.0
2.724764347076416,1709562607.4859908,-0.7398302883369587,-0.18228922670391134,2.164130924366554,13.934957504272461,0.04999999999999999,0,0,-0.23,-0.23,0,-0.73,0,-40.57142857142857,-1,0,0,-0.13222118365226807,-0.13222118365226807,0.548571428571428,0.0,0.0,0.0
2.74967885017395,1709562607.5109053,-0.7708038088407914,-0.14225514010093931,2.206997618484377,13.934957504272461,0.04999999999999999,0,0,-0.23,-0.23,0,-0.73,0,-40.57142857142857,-1,0,0,-0.13261351491198325,-0.13261351491198325,0.4737662337662334,0.0,0.0,0.0
2.774878978729248,1709562607.5361054,-0.7417576823433718,-0.1621683431826999,2.2343348103071183,13.912808418273926,0.04999999999999999,0,0,-0.23,-0.23,0,-0.73,0,-40.57142857142857,-1,0,0,-0.1322455973096826,-0.1322455973096826,0.32259740259740255,0.0,0.0,0.0
2.8001136779785156,1709562607.56134,-0.7417576823433718,-0.1621683431826999,2.2343348103071183,13.912808418273926,0.04999999999999999,0,0,-0.23,-0.23,0,-0.73,0,-40.57142857142857,-1,0,0,-0.1322455973096826,-0.1322455973096826,0.6233766233766218,0.0,0.0,0.0
2.8243041038513184,1709562607.5855305,-0.7812647771631949,-0.1688173188962958,2.2066339109110737,13.912808418273926,0.04999999999999999,0,0,-0.23,-0.23,0,-0.73,0,-40.57142857142857,-1,0,0,-0.1327460205107337,-0.1327460205107337,0.19792207792207783,0.0,0.0,0.0
2.8499860763549805,1709562607.6112125,-0.7812647771631949,-0.1688173188962958,2.2066339109110737,13.912808418273926,0.04999999999999999,0,0,-0.23,-0.23,0,-0.73,0,-40.57142857142857,-1,0,0,-0.1327460205107337,-0.1327460205107337,0.4488311688311688,0.0,0.0,0.0
2.874419689178467,1709562607.635646,-0.7424763463101041,-0.15771996904231766,2.1054999402009296,13.964163780212402,0.04999999999999999,0,0,-0.23,-0.23,0,-0.73,0,-40.57142857142857,-1,0,0,-0.13225470038659456,-0.13225470038659456,0.3724675324675326,0.0,0.0,0.0
2.9001362323760986,1709562607.6613626,-0.733513857458578,-0.16792533887937444,2.126148882722348,13.964163780212402,0.04999999999999999,0,0,-0.23,-0.23,0,-0.73,0,-40.57142857142857,-1,0,0,-0.13214117552780857,-0.13214117552780857,0.49870129870129887,0.0,0.0,0.0
2.9241881370544434,1709562607.6854146,-0.730368128458964,-0.15210726109185968,2.1797707769054138,13.964163780212402,0.04999999999999999,0,0,-0.23,-0.23,0,-0.73,0,-40.57142857142857,-1,0,0,-0.1321013296271468,-0.1321013296271468,0.34753246753246625,0.0,0.0,0.0
2.9498980045318604,1709562607.7111244,-0.6984813903187594,-0.183122936669476,2.1897964273899344,13.964163780212402,0.04999999999999999,0,0,-0.23,-0.23,0,-0.73,0,-40.57142857142857,-1,0,0,-0.13169743094403752,-0.13169743094403752,0.5984415584415572,0.0,0.0,0.0
2.974592924118042,1709562607.7358193,-0.6883998176604089,-0.19166942431186595,2.226092266082794,14.004354476928711,0.04999999999999999,0,0,-0.23,-0.23,0,-0.73,0,-40.57142857142857,-1,0,0,-0.13156973102369843,-0.13156973102369843,0.3724675324675326,0.0,0.0,0.0
2.9992728233337402,1709562607.7604992,-0.6704914885434587,-0.17189559977785596,2.158922051350773,14.004354476928711,0.04999999999999999,0,0,-0.23,-0.23,0,-0.73,0,-40.57142857142857,-1,0,0,-0.13134289218821704,-0.13134289218821704,0.5984415584415572,0.0,0.0,0.0
3.0238795280456543,1709562607.785106,-0.6665107689178107,-0.18390200512168065,2.1304636412870916,14.004354476928711,0.04999999999999999,0,0,-0.23,-0.23,0,-0.73,0,-40.57142857142857,-1,0,0,-0.13129246973962552,-0.13129246973962552,0.5984415584415572,0.0,0.0,0.0
3.050464391708374,1709562607.8116908,-0.6665107689178107,-0.18390200512168065,2.1304636412870916,14.004354476928711,0.04999999999999999,0,0,-0.23,-0.23,0,-0.73,0,-40.57142857142857,-1,0,0,-0.13129246973962552,-0.13129246973962552,0.49870129870129887,0.0,0.0,0.0
3.0750832557678223,1709562607.8363097,-0.6665107689178107,-0.18390200512168065,2.1304636412870916,14.004354476928711,0.04999999999999999,0,0,-0.23,-0.23,0,-0.73,0,-40.57142857142857,-1,0,0,-0.13129246973962552,-0.13129246973962552,0.4737662337662334,0.0,0.0,0.0
3.0993974208831787,1709562607.8606238,-0.5761563308218276,-0.17671365790706517,2.1380364000859315,14.108231544494629,0.04999999999999999,0,0,-0.23,-0.23,0,-0.73,0,-40.57142857142857,-1,0,0,-0.13014798019040974,-0.13014798019040974,0.548571428571428,0.0,0.0,0.0
3.1280388832092285,1709562607.8892653,-0.4647640563085591,-0.20664760227488088,2.153199846930183,14.108231544494629,0.04999999999999999,0,0,-0.23,-0.23,0,-0.73,0,-40.57142857142857,-1,0,0,-0.12873701137990834,-0.12873701137990834,0.4737662337662334,0.0,0.0,0.0
3.149414539337158,1709562607.910641,-0.5034772483590739,-0.17051675533915955,2.1275157743299964,14.126574516296387,0.04999999999999999,0,0,-0.23,-0.23,0,-0.73,0,-40.57142857142857,-1,0,0,-0.12922737847921484,-0.12922737847921484,0.4488311688311688,0.0,0.0,0.0
3.1744115352630615,1709562607.935638,-0.5034772483590739,-0.17051675533915955,2.1275157743299964,14.126574516296387,0.04999999999999999,0,0,-0.23,-0.23,0,-0.73,0,-40.57142857142857,-1,0,0,-0.12922737847921484,-0.12922737847921484,0.6981818181818182,0.0,0.0,0.0
3.2006163597106934,1709562607.9618428,-0.4998440146074503,-0.1861546868873154,2.106694796418859,14.126574516296387,0.04999999999999999,0,0,-0.23,-0.23,0,-0.73,0,-40.57142857142857,-1,0,0,-0.12918135751836093,-0.12918135751836093,0.3974025974025954,0.0,0.0,0.0
3.224811315536499,1709562607.9860377,-0.4597106768181016,-0.20806806817883183,2.07491264555032,14.126574516296387,0.04999999999999999,0,0,-0.23,-0.23,0,-0.73,0,-40.57142857142857,-1,0,0,-0.12867300190636252,-0.12867300190636252,0.5236363636363635,0.0,0.0,0.0
3.249765157699585,1709562608.0109916,-0.4450207541824025,-0.1618095448078627,2.064495539848993,14.126574516296387,0.04999999999999999,0,0,-0.23,-0.23,0,-0.73,0,-40.57142857142857,-1,0,0,-0.128486929552977,-0.128486929552977,0.4737662337662334,0.0,0.0,0.0
3.2750043869018555,1709562608.0362308,-0.3962884216714193,-0.17263923662374103,2.060297107943551,14.059353828430176,0.04999999999999999,0,0,-0.23,-0.23,0,-0.73,0,-40.57142857142857,-1,0,0,-0.12786965334117123,-0.12786965334117123,0.4223376623376618,0.0,0.0,0.0
3.3000781536102295,1709562608.0613046,-0.3962884216714193,-0.17263923662374103,2.060297107943551,14.059353828430176,0.04999999999999999,0,0,-0.23,-0.23,0,-0.73,0,-40.57142857142857,-1,0,0,-0.12786965334117123,-0.12786965334117123,0.3724675324675326,0.0,0.0,0.0
3.3297414779663086,1709562608.090968,-0.4038004558196697,-0.1876342766162693,2.113837680186811,14.059353828430176,0.04999999999999999,0,0,-0.23,-0.23,0,-0.73,0,-40.57142857142857,-1,0,0,-0.12796480577371572,-0.12796480577371572,0.3974025974025954,0.0,0.0,0.0
3.3497629165649414,1709562608.1109893,-0.4235948776428957,-0.16242639626727962,2.113464794546811,14.059353828430176,0.04999999999999999,0,0,-0.23,-0.23,0,-0.73,0,-40.57142857142857,-1,0,0,-0.12821553511680991,-0.12821553511680991,0.548571428571428,0.0,0.0,0.0
3.374349355697632,1709562608.1355758,-0.45160462965547166,-0.15914662480520403,2.1291921588844116,14.034311294555664,0.04999999999999999,0,0,-0.23,-0.23,0,-0.73,0,-40.57142857142857,-1,0,0,-0.12857032530896922,-0.12857032530896922,0.4223376623376618,0.0,0.0,0.0
3.399569272994995,1709562608.1607957,-0.49371562737465635,-0.19590307438021615,2.1292493617187103,14.034311294555664,0.04999999999999999,0,0,-0.23,-0.23,0,-0.73,0,-40.57142857142857,-1,0,0,-0.1291037312800789,-0.1291037312800789,-0.25944827586206864,0.0,0.0,0.0
3.4243345260620117,1709562608.185561,-0.5884207892502318,-0.17451156222997088,2.075802918019949,14.034311294555664,0.04999999999999999,0,0,-0.23,-0.23,0,-0.73,0,-40.57142857142857,-1,0,0,-0.1303033299971695,-0.1303033299971695,0.4737662337662334,0.0,0.0,0.0
3.449805498123169,1709562608.211032,-0.6443417891409475,-0.16040850225436398,2.0559746654159903,14.034311294555664,0.04999999999999999,0,0,-0.23,-0.23,0,-0.73,0,-40.57142857142857,-1,0,0,-0.1310116626624519,-0.1310116626624519,0.6233766233766218,0.0,0.0,0.0
3.4748523235321045,1709562608.2360787,-0.7684015032436511,-0.1741777367342865,2.0900658471108167,14.12488842010498,0.04999999999999999,0,0,-0.23,-0.23,0,-0.73,0,-40.57142857142857,-1,0,0,-0.13258308570775282,-0.13258308570775282,0.4488311688311688,0.0,0.0,0.0
3.500326633453369,1709562608.261553,-0.83001173054787,-0.16560712998638993,2.118768222993914,14.12488842010498,0.04999999999999999,0,0,-0.23,-0.23,0,-0.73,0,-40.57142857142857,-1,0,0,-0.13336348192027292,-0.13336348192027292,0.4737662337662334,0.0,0.0,0.0
3.525062084197998,1709562608.2862885,-0.9125105973246923,-0.14845823252778034,2.131281983327024,14.12488842010498,0.04999999999999999,0,0,-0.23,-0.23,0,-0.73,0,-40.57142857142857,-1,0,0,-0.1344084675661127,-0.1344084675661127,0.5984415584415572,0.0,0.0,0.0
3.5510149002075195,1709562608.3122413,-0.963845872239685,-0.15158154996918016,2.1039612266469727,14.142510414123535,0.04999999999999999,0,0,-0.23,-0.23,0,-0.73,0,-40.57142857142857,-1,0,0,-0.13505871438170258,-0.13505871438170258,0.2228571428571442,0.0,0.0,0.0
3.5744118690490723,1709562608.3356383,-0.9880228209108259,-0.17571623684483173,2.0836890117469635,14.142510414123535,0.04999999999999999,0,0,-0.23,-0.23,0,-0.73,0,-40.57142857142857,-1,0,0,-0.13536495573153703,-0.13536495573153703,0.5984415584415572,0.0,0.0,0.0
3.6032252311706543,1709562608.3644516,-0.9880228209108259,-0.17571623684483173,2.0836890117469635,14.142510414123535,0.04999999999999999,0,0,-0.23,-0.23,0,-0.73,0,-40.57142857142857,-1,0,0,-0.13536495573153703,-0.13536495573153703,0.4737662337662334,0.0,0.0,0.0
3.6257898807525635,1709562608.3870163,-1.0126815113618646,-0.12107984612660738,2.032004329967242,14.142510414123535,0.04999999999999999,0,0,-0.23,-0.23,0,-0.73,0,-40.57142857142857,-1,0,0,-0.13567729914391685,-0.13567729914391685,0.3724675324675326,0.0,0.0,0.0
3.6496188640594482,1709562608.4108453,-0.9718301499360182,-0.13993842531183565,2.03294091965718,14.142510414123535,0.04999999999999999,0,0,-0.23,-0.23,0,-0.73,0,-40.57142857142857,-1,0,0,-0.13515984856585614,-0.13515984856585614,0.49870129870129887,0.0,0.0,0.0
3.6743650436401367,1709562608.4355915,-0.9219354046056636,-0.1637623385802518,2.0681458490735416,14.19139575958252,0.04999999999999999,0,0,-0.23,-0.23,0,-0.73,0,-40.57142857142857,-1,0,0,-0.13452784845833832,-0.13452784845833832,0.4737662337662334,0.0,0.0,0.0
3.699721574783325,1709562608.460948,-0.7555658702459045,-0.1438800847931676,2.0795473557889967,14.19139575958252,0.04999999999999999,0,0,-0.23,-0.23,0,-0.73,0,-40.57142857142857,-1,0,0,-0.1324205010231147,-0.1324205010231147,0.7480519480519474,0.0,0.0,0.0
3.7242822647094727,1709562608.4855087,-0.678199890630347,-0.1319208504432985,2.0772662860496243,14.19139575958252,0.04999999999999999,0,0,-0.23,-0.23,0,-0.73,0,-40.57142857142857,-1,0,0,-0.1314405319479843,-0.1314405319479843,0.8228571428571438,0.0,0.0,0.0
3.7495038509368896,1709562608.5107303,-0.48334868087504645,-0.18816340283353372,2.0408987303704795,14.231729507446289,0.04999999999999999,0,0,-0.23,-0.23,0,-0.73,0,-40.57142857142857,-1,0,0,-0.12897241662441716,-0.12897241662441716,0.5984415584415572,0.0,0.0,0.0
3.7761127948760986,1709562608.5373392,-0.3379476138238149,-0.16627243310023143,2.0059183434230827,14.231729507446289,0.04999999999999999,0,0,-0.23,-0.23,0,-0.73,0,-40.57142857142857,-1,0,0,-0.12713066977510157,-0.12713066977510157,0.8976623376623376,0.0,0.0,0.0
3.8009305000305176,1709562608.562157,-0.3379476138238149,-0.16627243310023143,2.0059183434230827,14.231729507446289,0.04999999999999999,0,0,-0.23,-0.23,0,-0.73,0,-40.57142857142857,-1,0,0,-0.12713066977510157,-0.12713066977510157,0.7231168831168828,0.0,0.0,0.0
3.82492995262146,1709562608.5861564,-0.10378204864933238,-0.1505378116866376,2.0056698952920233,14.231729507446289,0.04999999999999999,0,0,-0.23,-0.23,0,-0.73,0,-40.57142857142857,-1,0,0,-0.12416457261622478,-0.12416457261622478,0.6981818181818182,0.0,0.0,0.0
3.8541948795318604,1709562608.6154213,-0.03407345814529972,-0.18903254440541795,2.027829803723895,14.231729507446289,0.04999999999999999,0,0,-0.23,-0.23,0,-0.73,0,-40.57142857142857,-1,0,0,-0.12328159713650703,-0.12328159713650703,0.9225974025974031,0.0,0.0,0.0
3.8763017654418945,1709562608.6375282,0.010422342811277296,-0.18432142142540164,2.0537567749264403,14.210811614990234,0.04999999999999999,0,0,-0.23,-0.23,0,-0.73,0,-40.57142857142857,-1,0,0,-0.12271798365772373,-0.12271798365772373,0.7231168831168828,0.0,0.0,0.0
3.8999297618865967,1709562608.6611562,0.026549913545558357,-0.1484390226207397,2.037471682954426,14.210811614990234,0.04999999999999999,0,0,-0.23,-0.23,0,-0.73,0,-40.57142857142857,-1,0,0,-0.12251370109508951,-0.12251370109508951,0.6981818181818182,0.0,0.0,0.0
3.9246394634246826,1709562608.6858659,0.003963118290560841,-0.16911400523836817,2.036052070824121,14.210811614990234,0.04999999999999999,0,0,-0.23,-0.23,0,-0.73,0,-40.57142857142857,-1,0,0,-0.1227998005016528,-0.1227998005016528,0.6233766233766218,0.0,0.0,0.0
3.9507813453674316,1709562608.7120078,-0.021418078108618177,-0.19805501085559318,2.020561842116767,14.210811614990234,0.04999999999999999,0,0,-0.23,-0.23,0,-0.73,0,-40.57142857142857,-1,0,0,-0.1231212956560424,-0.1231212956560424,0.6981818181818182,0.0,0.0,0.0
3.9744374752044678,1709562608.735664,-0.09415756505684403,-0.1350405393467018,2.0201055001028454,14.08530330657959,0.04999999999999999,0,0,-0.23,-0.23,0,-0.73,0,-40.57142857142857,-1,0,0,-0.12404266249071993,-0.12404266249071993,0.4223376623376618,0.0,0.0,0.0
4.000309944152832,1709562608.7615364,-0.1462212156137952,-0.1621837111083324,2.0273051598182734,14.08530330657959,0.04999999999999999,0,0,-0.23,-0.23,0,-0.73,0,-40.57142857142857,-1,0,0,-0.12470213539777465,-0.12470213539777465,0.4488311688311688,0.0,0.0,0.0
4.02477765083313,1709562608.786004,-0.1462212156137952,-0.1621837111083324,2.0273051598182734,14.08530330657959,0.04999999999999999,0,0,-0.23,-0.23,0,-0.73,0,-40.57142857142857,-1,0,0,-0.12470213539777465,-0.12470213539777465,0.4737662337662334,0.0,0.0,0.0
4.054043292999268,1709562608.8152697,-0.4896705545604221,-0.1301746698933024,2.0375632501779863,13.99376392364502,0.04999999999999999,0,0,-0.23,-0.23,0,-0.73,0,-40.57142857142857,-1,0,0,-0.12905249369109859,-0.12905249369109859,0.02337662337662305,0.0,0.0,0.0
4.076070308685303,1709562608.8372967,-0.4896705545604221,-0.1301746698933024,2.0375632501779863,13.99376392364502,0.04999999999999999,0,0,-0.23,-0.23,0,-0.73,0,-40.57142857142857,-1,0,0,-0.12905249369109859,-0.12905249369109859,0.12311688311688318,0.0,0.0,0.0
4.0991530418396,1709562608.8603795,-0.4896705545604221,-0.1301746698933024,2.0375632501779863,13.99376392364502,0.04999999999999999,0,0,-0.23,-0.23,0,-0.73,0,-40.57142857142857,-1,0,0,-0.12905249369109859,-0.12905249369109859,0.14805194805194866,0.0,0.0,0.0
4.124422311782837,1709562608.8856487,-0.751884291561562,-0.2016489710194893,2.018479061306736,13.99376392364502,0.04999999999999999,0,0,-0.23,-0.23,0,-0.73,0,-40.57142857142857,-1,0,0,-0.13237386769311302,-0.13237386769311302,0.32259740259740255,0.0,0.0,0.0
4.152217626571655,1709562608.913444,-0.9546246899733446,-0.09587388676832154,2.0251551443336004,14.062576293945312,0.04999999999999999,0,0,-0.23,-0.23,0,-0.73,0,-40.57142857142857,-1,0,0,-0.13494191273966227,-0.13494191273966227,-0.021103448275862358,0.0,0.0,0.0
4.17444109916687,1709562608.9356675,-1.0021450907934737,-0.1554888450612506,2.046910150613737,14.062576293945312,0.04999999999999999,0,0,-0.23,-0.23,0,-0.73,0,-40.57142857142857,-1,0,0,-0.13554383781671725,-0.13554383781671725,-0.0608275862068966,0.0,0.0,0.0
4.199421167373657,1709562608.9606476,-1.0021450907934737,-0.1554888450612506,2.046910150613737,14.062576293945312,0.04999999999999999,0,0,-0.23,-0.23,0,-0.73,0,-40.57142857142857,-1,0,0,-0.13554383781671725,-0.13554383781671725,0.3974025974025954,0.0,0.0,0.0
4.224585056304932,1709562608.9858115,-1.0125365832854132,-0.19139643018847696,2.0693163727425525,14.062576293945312,0.04999999999999999,0,0,-0.23,-0.23,0,-0.73,0,-40.57142857142857,-1,0,0,-0.13567546338828182,-0.13567546338828182,0.4488311688311688,0.0,0.0,0.0
4.251128196716309,1709562609.0123546,-1.0325964219909176,-0.13786973176696815,2.0637072933300913,14.062576293945312,0.04999999999999999,0,0,-0.23,-0.23,0,-0.73,0,-40.57142857142857,-1,0,0,-0.13592955467855153,-0.13592955467855153,0.3724675324675326,0.0,0.0,0.0
4.27442193031311,1709562609.0356483,-1.0445731587005351,-0.16388848363648534,2.059529351992159,14.216316223144531,0.04999999999999999,0,0,-0.23,-0.23,0,-0.73,0,-40.57142857142857,-1,0,0,-0.13608126001020668,-0.13608126001020668,0.6233766233766218,0.0,0.0,0.0
4.300044536590576,1709562609.061271,-1.0407019355450187,-0.20503823895169648,2.0599462069749412,14.216316223144531,0.04999999999999999,0,0,-0.23,-0.23,0,-0.73,0,-40.57142857142857,-1,0,0,-0.13603222451690347,-0.13603222451690347,0.6732467532467519,0.0,0.0,0.0
4.325765371322632,1709562609.0869918,-1.0000898441835346,-0.15500283441312201,2.035529774796027,14.216316223144531,0.04999999999999999,0,0,-0.23,-0.23,0,-0.73,0,-40.57142857142857,-1,0,0,-0.13551780469299135,-0.13551780469299135,0.8228571428571438,0.0,0.0,0.0
4.35002064704895,1709562609.111247,-0.8787333908882751,-0.22384516483132666,2.082057236865565,14.263360023498535,0.04999999999999999,0,0,-0.23,-0.23,0,-0.73,0,-40.57142857142857,-1,0,0,-0.1339806229512514,-0.1339806229512514,0.6981818181818182,0.0,0.0,0.0
4.375211954116821,1709562609.1364384,-0.8446981313672786,-0.2106362193067568,2.0863773315155982,14.263360023498535,0.04999999999999999,0,0,-0.23,-0.23,0,-0.73,0,-40.57142857142857,-1,0,0,-0.13354950966398543,-0.13354950966398543,0.8228571428571438,0.0,0.0,0.0
4.399414777755737,1709562609.1606412,-0.7849640716506974,-0.16480543653255952,2.0446901256900714,14.263360023498535,0.04999999999999999,0,0,-0.23,-0.23,0,-0.73,0,-40.57142857142857,-1,0,0,-0.13279287824090874,-0.13279287824090874,0.8477922077922084,0.0,0.0,0.0
4.426069259643555,1709562609.1872957,-0.6409560430250312,-0.20865802576839165,2.0166944609426585,14.263360023498535,0.04999999999999999,0,0,-0.23,-0.23,0,-0.73,0,-40.57142857142857,-1,0,0,-0.13096877654498362,-0.13096877654498362,0.772987012987012,0.0,0.0,0.0
4.449977397918701,1709562609.2112038,-0.5866503828730234,-0.22834113685248747,2.02237184224682,14.188477516174316,0.04999999999999999,0,0,-0.23,-0.23,0,-0.73,0,-40.57142857142857,-1,0,0,-0.13028090484972488,-0.13028090484972488,0.872727272727273,0.0,0.0,0.0
4.4741950035095215,1709562609.2354214,-0.5866503828730234,-0.22834113685248747,2.02237184224682,14.188477516174316,0.04999999999999999,0,0,-0.23,-0.23,0,-0.73,0,-40.57142857142857,-1,0,0,-0.13028090484972488,-0.13028090484972488,0.9475324675324677,0.0,0.0,0.0
4.499433994293213,1709562609.2606604,-0.484988139719261,-0.13994482861418245,2.0105927541363102,14.188477516174316,0.04999999999999999,0,0,-0.23,-0.23,0,-0.73,0,-40.57142857142857,-1,0,0,-0.12899318310311056,-0.12899318310311056,0.6732467532467519,0.0,0.0,0.0
4.524797439575195,1709562609.2860239,-0.4861775531301953,-0.17735164026422678,2.008315312934934,14.188477516174316,0.04999999999999999,0,0,-0.23,-0.23,0,-0.73,0,-40.57142857142857,-1,0,0,-0.12900824900631572,-0.12900824900631572,0.9974025974025968,0.0,0.0,0.0
4.550446510314941,1709562609.311673,-0.5110835177735293,-0.19630925719242032,2.0133912107053114,14.122200012207031,0.04999999999999999,0,0,-0.23,-0.23,0,-0.73,0,-40.57142857142857,-1,0,0,-0.1293237245584646,-0.1293237245584646,0.9475324675324677,0.0,0.0,0.0
4.574519872665405,1709562609.3357463,-0.5053246010861507,-0.16089408601566957,1.9826594148650736,14.122200012207031,0.04999999999999999,0,0,-0.23,-0.23,0,-0.73,0,-40.57142857142857,-1,0,0,-0.12925077828042447,-0.12925077828042447,0.772987012987012,0.0,0.0,0.0
4.599421262741089,1709562609.3606477,-0.5547182880078616,-0.18179852030072818,1.9694807783049455,14.122200012207031,0.04999999999999999,0,0,-0.23,-0.23,0,-0.73,0,-40.57142857142857,-1,0,0,-0.12987643164809948,-0.12987643164809948,0.7979220779220775,0.0,0.0,0.0
4.624725103378296,1709562609.3859515,-0.6432142743193665,-0.2036414652664289,1.9667339750415425,14.122200012207031,0.04999999999999999,0,0,-0.23,-0.23,0,-0.73,0,-40.57142857142857,-1,0,0,-0.1309973808080452,-0.1309973808080452,0.8477922077922084,0.0,0.0,0.0
4.650204181671143,1709562609.4114306,-0.6640526478685465,-0.16592708166032266,1.9437809108923032,14.085936546325684,0.04999999999999999,0,0,-0.23,-0.23,0,-0.73,0,-40.57142857142857,-1,0,0,-0.13126133353966815,-0.13126133353966815,0.8228571428571438,0.0,0.0,0.0
4.676146745681763,1709562609.4373732,-0.7253375874135437,-0.1536841810164864,1.9501961660702376,14.085936546325684,0.04999999999999999,0,0,-0.23,-0.23,0,-0.73,0,-40.57142857142857,-1,0,0,-0.13203760944057147,-0.13203760944057147,0.5735064935064926,0.0,0.0,0.0
4.699517488479614,1709562609.460744,-0.7253375874135437,-0.1536841810164864,1.9501961660702376,14.085936546325684,0.04999999999999999,0,0,-0.23,-0.23,0,-0.73,0,-40.57142857142857,-1,0,0,-0.13203760944057147,-0.13203760944057147,0.5984415584415572,0.0,0.0,0.0
4.72497296333313,1709562609.4861994,-0.8375539669388568,-0.22307751560164069,2.0164359809712558,14.085936546325684,0.04999999999999999,0,0,-0.23,-0.23,0,-0.73,0,-40.57142857142857,-1,0,0,-0.13345901691455875,-0.13345901691455875,0.6732467532467519,0.0,0.0,0.0
4.749844074249268,1709562609.5110705,-0.8295280677772685,-0.16327141873365703,2.0064408528945887,14.085936546325684,0.04999999999999999,0,0,-0.23,-0.23,0,-0.73,0,-40.57142857142857,-1,0,0,-0.13335735552517863,-0.13335735552517863,0.49870129870129887,0.0,0.0,0.0
4.775958299636841,1709562609.5371847,-0.7948827869860251,-0.17905064982026753,1.9976192366946939,14.131735801696777,0.04999999999999999,0,0,-0.23,-0.23,0,-0.73,0,-40.57142857142857,-1,0,0,-0.1329185153018229,-0.1329185153018229,0.6732467532467519,0.0,0.0,0.0
4.800591230392456,1709562609.5618176,-0.7948827869860251,-0.17905064982026753,1.9976192366946939,14.131735801696777,0.04999999999999999,0,0,-0.23,-0.23,0,-0.73,0,-40.57142857142857,-1,0,0,-0.1329185153018229,-0.1329185153018229,0.6732467532467519,0.0,0.0,0.0
4.824706792831421,1709562609.5859332,-0.7746767395436003,-0.19384932187415793,2.000128690884439,14.131735801696777,0.04999999999999999,0,0,-0.23,-0.23,0,-0.73,0,-40.57142857142857,-1,0,0,-0.13266257203421886,-0.13266257203421886,0.6981818181818182,0.0,0.0,0.0
4.8500730991363525,1709562609.6112995,-0.7746767395436003,-0.19384932187415793,2.000128690884439,14.131735801696777,0.04999999999999999,0,0,-0.23,-0.23,0,-0.73,0,-40.57142857142857,-1,0,0,-0.13266257203421886,-0.13266257203421886,0.6732467532467519,0.0,0.0,0.0
4.8746795654296875,1709562609.635906,-0.7090638079423421,-0.1500729319362537,2.0014629256501184,14.178069114685059,0.04999999999999999,0,0,-0.23,-0.23,0,-0.73,0,-40.57142857142857,-1,0,0,-0.1318314749006029,-0.1318314749006029,0.5984415584415572,0.0,0.0,0.0
4.899436950683594,1709562609.6606634,-0.7106937685547423,-0.19697199898532314,2.0140992025014652,14.178069114685059,0.04999999999999999,0,0,-0.23,-0.23,0,-0.73,0,-40.57142857142857,-1,0,0,-0.13185212106835997,-0.13185212106835997,0.7979220779220775,0.0,0.0,0.0
4.925224781036377,1709562609.6864512,-0.6269499930799796,-0.15585383329502323,2.0104155961047128,14.178069114685059,0.04999999999999999,0,0,-0.23,-0.23,0,-0.73,0,-40.57142857142857,-1,0,0,-0.13079136657901297,-0.13079136657901297,0.548571428571428,0.0,0.0,0.0
4.949425935745239,1709562609.7106524,-0.5715994207066655,-0.13657797224018942,2.0030475295375614,14.178069114685059,0.04999999999999999,0,0,-0.23,-0.23,0,-0.73,0,-40.57142857142857,-1,0,0,-0.130090259328951,-0.130090259328951,0.4737662337662334,0.0,0.0,0.0
4.97449803352356,1709562609.7357244,-0.5262758862000476,-0.16728991784315173,2.0023762500081963,14.057464599609375,0.04999999999999999,0,0,-0.23,-0.23,0,-0.73,0,-40.57142857142857,-1,0,0,-0.12951616122520052,-0.12951616122520052,0.772987012987012,0.0,0.0,0.0
4.999042987823486,1709562609.7602694,-0.39436049405647755,-0.17329642888794328,1.9923403542399203,14.057464599609375,0.04999999999999999,0,0,-0.23,-0.23,0,-0.73,0,-40.57142857142857,-1,0,0,-0.12784523292471528,-0.12784523292471528,0.6233766233766218,0.0,0.0,0.0
5.027337551116943,1709562609.788564,-0.3656193781941812,-0.16378965933693168,1.940592706653788,14.057464599609375,0.04999999999999999,0,0,-0.23,-0.23,0,-0.73,0,-40.57142857142857,-1,0,0,-0.12748117879045953,-0.12748117879045953,0.4488311688311688,0.0,0.0,0.0
5.05147647857666,1709562609.812703,-0.3656193781941812,-0.16378965933693168,1.940592706653788,14.057464599609375,0.04999999999999999,0,0,-0.23,-0.23,0,-0.73,0,-40.57142857142857,-1,0,0,-0.12748117879045953,-0.12748117879045953,0.6981818181818182,0.0,0.0,0.0
5.0741801261901855,1709562609.8354065,-0.3656193781941812,-0.16378965933693168,1.940592706653788,14.057464599609375,0.04999999999999999,0,0,-0.23,-0.23,0,-0.73,0,-40.57142857142857,-1,0,0,-0.12748117879045953,-0.12748117879045953,0.5735064935064926,0.0,0.0,0.0
5.100118398666382,1709562609.8613448,-0.39552194638049687,-0.16159951649088478,1.974808112414144,13.953363418579102,0.04999999999999999,0,0,-0.23,-0.23,0,-0.73,0,-40.57142857142857,-1,0,0,-0.12785994465415287,-0.12785994465415287,0.4223376623376618,0.0,0.0,0.0
5.127847909927368,1709562609.8890743,-0.41812613727353676,-0.19908316776909163,2.0091577740803728,13.953363418579102,0.04999999999999999,0,0,-0.23,-0.23,0,-0.73,0,-40.57142857142857,-1,0,0,-0.1281462644054647,-0.1281462644054647,0.8228571428571438,0.0,0.0,0.0
5.149603366851807,1709562609.9108298,-0.4279324746526769,-0.19657285980570038,2.026628117316796,13.953760147094727,0.04999999999999999,0,0,-0.23,-0.23,0,-0.73,0,-40.57142857142857,-1,0,0,-0.12827047801226715,-0.12827047801226715,0.5735064935064926,0.0,0.0,0.0
5.177908897399902,1709562609.9391353,-0.4279324746526769,-0.19657285980570038,2.026628117316796,13.953760147094727,0.04999999999999999,0,0,-0.23,-0.23,0,-0.73,0,-40.57142857142857,-1,0,0,-0.12827047801226715,-0.12827047801226715,0.49870129870129887,0.0,0.0,0.0
5.19942569732666,1709562609.960652,-0.4659397026194474,-0.15609182269891586,1.9784740030077366,13.953760147094727,0.04999999999999999,0,0,-0.23,-0.23,0,-0.73,0,-40.57142857142857,-1,0,0,-0.12875190289984625,-0.12875190289984625,0.49870129870129887,0.0,0.0,0.0
5.228866338729858,1709562609.9900928,-0.5087948707930463,-0.18624091802558684,1.9833778653883942,13.953760147094727,0.04999999999999999,0,0,-0.23,-0.23,0,-0.73,0,-40.57142857142857,-1,0,0,-0.12929473503004515,-0.12929473503004515,0.5236363636363635,0.0,0.0,0.0
5.250532865524292,1709562610.0117593,-0.5611263928315087,-0.20023725629541222,1.99566985801689,13.953760147094727,0.04999999999999999,0,0,-0.23,-0.23,0,-0.73,0,-40.57142857142857,-1,0,0,-0.12995760097586567,-0.12995760097586567,0.6233766233766218,0.0,0.0,0.0
5.275064945220947,1709562610.0362914,-0.6504106256619155,-0.1684072941026835,1.9962593887196267,14.12242317199707,0.04999999999999999,0,0,-0.23,-0.23,0,-0.73,0,-40.57142857142857,-1,0,0,-0.13108853459171751,-0.13108853459171751,0.5735064935064926,0.0,0.0,0.0
5.300497055053711,1709562610.0617235,-0.6504106256619155,-0.1684072941026835,1.9962593887196267,14.12242317199707,0.04999999999999999,0,0,-0.23,-0.23,0,-0.73,0,-40.57142857142857,-1,0,0,-0.13108853459171751,-0.13108853459171751,0.2727272727272734,0.0,0.0,0.0
5.326857805252075,1709562610.0880842,-0.6644721708939734,-0.2028574876157585,2.0307221753939837,14.12242317199707,0.04999999999999999,0,0,-0.23,-0.23,0,-0.73,0,-40.57142857142857,-1,0,0,-0.13126664749799025,-0.13126664749799025,0.49870129870129887,0.0,0.0,0.0
5.350494861602783,1709562610.1117213,-0.6421092777777053,-0.18243159345942384,2.0333020659095444,14.12242317199707,0.04999999999999999,0,0,-0.23,-0.23,0,-0.73,0,-40.57142857142857,-1,0,0,-0.13098338418518418,-0.13098338418518418,0.548571428571428,0.0,0.0,0.0
5.3743884563446045,1709562610.1356149,-0.6469375811906697,-0.16915669392068078,2.018563584897715,14.170949935913086,0.04999999999999999,0,0,-0.23,-0.23,0,-0.73,0,-40.57142857142857,-1,0,0,-0.13104454269508173,-0.13104454269508173,0.4223376623376618,0.0,0.0,0.0
5.3995444774627686,1709562610.160771,-0.6528962809112713,-0.15605425665848083,2.042820147961369,14.170949935913086,0.04999999999999999,0,0,-0.23,-0.23,0,-0.73,0,-40.57142857142857,-1,0,0,-0.13112001955820934,-0.13112001955820934,0.5735064935064926,0.0,0.0,0.0
5.424609422683716,1709562610.1858358,-0.6081030465606814,-0.2077020127280016,2.0139357048482083,14.170949935913086,0.04999999999999999,0,0,-0.23,-0.23,0,-0.73,0,-40.57142857142857,-1,0,0,-0.13055263858976854,-0.13055263858976854,0.5236363636363635,0.0,0.0,0.0
5.449862480163574,1709562610.211089,-0.5672005654377656,-0.17528081228524361,2.0299548463294155,14.170949935913086,0.04999999999999999,0,0,-0.23,-0.23,0,-0.73,0,-40.57142857142857,-1,0,0,-0.13003454049554494,-0.13003454049554494,0.548571428571428,0.0,0.0,0.0
5.476628541946411,1709562610.237855,-0.5624735409235879,-0.2038869251897264,2.0273666315208034,14.199478149414062,0.04999999999999999,0,0,-0.23,-0.23,0,-0.73,0,-40.57142857142857,-1,0,0,-0.1299746648516987,-0.1299746648516987,0.4737662337662334,0.0,0.0,0.0
5.499584436416626,1709562610.2608109,-0.5903896980001937,-0.20858246680069858,2.0284058874917035,14.199478149414062,0.04999999999999999,0,0,-0.23,-0.23,0,-0.73,0,-40.57142857142857,-1,0,0,-0.13032826950800236,-0.13032826950800236,0.6233766233766218,0.0,0.0,0.0
5.5251545906066895,1709562610.286381,-0.5951407348981723,-0.17890892339498965,2.0509068784952524,14.199478149414062,0.04999999999999999,0,0,-0.23,-0.23,0,-0.73,0,-40.57142857142857,-1,0,0,-0.1303884493087101,-0.1303884493087101,0.4737662337662334,0.0,0.0,0.0
5.55067253112793,1709562610.311899,-0.6571819044503369,-0.204069205863201,2.059950689286584,14.142985343933105,0.04999999999999999,0,0,-0.23,-0.23,0,-0.73,0,-40.57142857142857,-1,0,0,-0.13117430412303752,-0.13117430412303752,0.6233766233766218,0.0,0.0,0.0
5.575197696685791,1709562610.336424,-0.6889778224189214,-0.20293326002686318,2.0655563536044603,14.142985343933105,0.04999999999999999,0,0,-0.23,-0.23,0,-0.73,0,-40.57142857142857,-1,0,0,-0.13157705241730625,-0.13157705241730625,0.5735064935064926,0.0,0.0,0.0
5.600403785705566,1709562610.3616302,-0.6889778224189214,-0.20293326002686318,2.0655563536044603,14.142985343933105,0.04999999999999999,0,0,-0.23,-0.23,0,-0.73,0,-40.57142857142857,-1,0,0,-0.13157705241730625,-0.13157705241730625,0.4488311688311688,0.0,0.0,0.0
5.624460220336914,1709562610.3856866,-0.6491180123614906,-0.18672948999465433,2.0152345080075684,14.142985343933105,0.04999999999999999,0,0,-0.23,-0.23,0,-0.73,0,-40.57142857142857,-1,0,0,-0.13107216148991213,-0.13107216148991213,0.6233766233766218,0.0,0.0,0.0
5.651057958602905,1709562610.4122844,-0.6465847592313563,-0.20558081210388957,2.0177078902607595,14.142985343933105,0.04999999999999999,0,0,-0.23,-0.23,0,-0.73,0,-40.57142857142857,-1,0,0,-0.13104007361693043,-0.13104007361693043,0.5984415584415572,0.0,0.0,0.0
5.676157236099243,1709562610.4373837,-0.660997098710318,-0.20750628511959834,2.028902997197233,14.231244087219238,0.04999999999999999,0,0,-0.23,-0.23,0,-0.73,0,-40.57142857142857,-1,0,0,-0.13122262991699726,-0.13122262991699726,0.6233766233766218,0.0,0.0,0.0
5.700295925140381,1709562610.4615223,-0.640013156754452,-0.20234629064506526,2.05499133161892,14.231244087219238,0.04999999999999999,0,0,-0.23,-0.23,0,-0.73,0,-40.57142857142857,-1,0,0,-0.13095683331888963,-0.13095683331888963,0.548571428571428,0.0,0.0,0.0
5.7243640422821045,1709562610.4855905,-0.6488960312134651,-0.2070702202297754,2.079348639972832,14.231244087219238,0.04999999999999999,0,0,-0.23,-0.23,0,-0.73,0,-40.57142857142857,-1,0,0,-0.1310693497287038,-0.1310693497287038,0.772987012987012,0.0,0.0,0.0
5.749900579452515,1709562610.511127,-0.6052949850381599,-0.19714851668668554,2.0520300177268966,14.273153305053711,0.04999999999999999,0,0,-0.23,-0.23,0,-0.73,0,-40.57142857142857,-1,0,0,-0.13051706981048328,-0.13051706981048328,0.32259740259740255,0.0,0.0,0.0
5.774463891983032,1709562610.5356903,-0.5509525058976574,-0.19256930173501519,2.051847096723187,14.273153305053711,0.04999999999999999,0,0,-0.23,-0.23,0,-0.73,0,-40.57142857142857,-1,0,0,-0.12982873174137025,-0.12982873174137025,0.5984415584415572,0.0,0.0,0.0
5.799889087677002,1709562610.5611155,-0.5509525058976574,-0.19256930173501519,2.051847096723187,14.273153305053711,0.04999999999999999,0,0,-0.23,-0.23,0,-0.73,0,-40.57142857142857,-1,0,0,-0.12982873174137025,-0.12982873174137025,0.548571428571428,0.0,0.0,0.0
5.824986696243286,1709562610.586213,-0.4824609697263562,-0.21025330182641278,2.0650259467267267,14.273153305053711,0.04999999999999999,0,0,-0.23,-0.23,0,-0.73,0,-40.57142857142857,-1,0,0,-0.12896117228320042,-0.12896117228320042,0.6233766233766218,0.0,0.0,0.0
5.8493993282318115,1709562610.6106257,-0.4550504600917431,-0.2079673228885741,2.0481278452767038,14.273153305053711,0.04999999999999999,0,0,-0.23,-0.23,0,-0.73,0,-40.57142857142857,-1,0,0,-0.12861397249449533,-0.12861397249449533,0.4223376623376618,0.0,0.0,0.0
5.874332427978516,1709562610.6355588,-0.4123567618589916,-0.18425525396781706,2.0859194953977958,14.27266788482666,0.04999999999999999,0,0,-0.23,-0.23,0,-0.73,0,-40.57142857142857,-1,0,0,-0.1280731856502138,-0.1280731856502138,0.49870129870129887,0.0,0.0,0.0
5.900236368179321,1709562610.6614628,-0.39746823012883326,-0.22724126295270386,2.092302520620584,14.27266788482666,0.04999999999999999,0,0,-0.23,-0.23,0,-0.73,0,-40.57142857142857,-1,0,0,-0.1278845975816318,-0.1278845975816318,0.5735064935064926,0.0,0.0,0.0
5.924970388412476,1709562610.6861968,-0.3952188567360777,-0.21575629986332756,2.0758387765130917,14.27266788482666,0.04999999999999999,0,0,-0.23,-0.23,0,-0.73,0,-40.57142857142857,-1,0,0,-0.1278561055186569,-0.1278561055186569,0.6732467532467519,0.0,0.0,0.0
5.949514865875244,1709562610.7107413,-0.3912829602268577,-0.20340262208889004,2.0495540741527667,14.27266788482666,0.04999999999999999,0,0,-0.23,-0.23,0,-0.73,0,-40.57142857142857,-1,0,0,-0.1278062508295401,-0.1278062508295401,0.6233766233766218,0.0,0.0,0.0
5.975170850753784,1709562610.7363973,-0.421900670563615,-0.22343215182995246,2.0518204162967417,14.16454029083252,0.04999999999999999,0,0,-0.23,-0.23,0,-0.73,0,-40.57142857142857,-1,0,0,-0.12819407516047238,-0.12819407516047238,0.4737662337662334,0.0,0.0,0.0
6.000012636184692,1709562610.761239,-0.4327465840787723,-0.23791738223396286,2.061535506617439,14.16454029083252,0.04999999999999999,0,0,-0.23,-0.23,0,-0.73,0,-40.57142857142857,-1,0,0,-0.12833145673166435,-0.12833145673166435,-0.4382068965517244,0.0,0.0,0.0
6.024665117263794,1709562610.7858915,-0.4327465840787723,-0.23791738223396286,2.061535506617439,14.16454029083252,0.04999999999999999,0,0,-0.23,-0.23,0,-0.73,0,-40.57142857142857,-1,0,0,-0.12833145673166435,-0.12833145673166435,0.19792207792207783,0.0,0.0,0.0
6.053576231002808,1709562610.8148026,-0.5460650786596901,-0.23034526376535736,2.0516389893969134,14.143095016479492,0.04999999999999999,0,0,-0.23,-0.23,0,-0.73,0,-40.57142857142857,-1,0,0,-0.1297668243296893,-0.1297668243296893,0.6233766233766218,0.0,0.0,0.0
6.075183629989624,1709562610.83641,-0.5460650786596901,-0.23034526376535736,2.0516389893969134,14.143095016479492,0.04999999999999999,0,0,-0.23,-0.23,0,-0.73,0,-40.57142857142857,-1,0,0,-0.1297668243296893,-0.1297668243296893,0.6233766233766218,0.0,0.0,0.0
6.099751949310303,1709562610.8609784,-0.5460650786596901,-0.23034526376535736,2.0516389893969134,14.143095016479492,0.04999999999999999,0,0,-0.23,-0.23,0,-0.73,0,-40.57142857142857,-1,0,0,-0.1297668243296893,-0.1297668243296893,0.548571428571428,0.0,0.0,0.0
6.124912977218628,1709562610.8861394,-0.6663439628916743,-0.19924538476187958,2.018750988213067,14.143095016479492,0.04999999999999999,0,0,-0.23,-0.23,0,-0.73,0,-40.57142857142857,-1,0,0,-0.13129035686329446,-0.13129035686329446,0.49870129870129887,0.0,0.0,0.0
6.150490999221802,1709562610.9117174,-0.7243374983086659,-0.23536246459755494,2.031738379476435,14.213719367980957,0.04999999999999999,0,0,-0.23,-0.23,0,-0.73,0,-40.57142857142857,-1,0,0,-0.132024941645243,-0.132024941645243,0.5735064935064926,0.0,0.0,0.0
6.174461126327515,1709562610.9356875,-0.733712039666214,-0.22405167133201376,2.024548324714527,14.213719367980957,0.04999999999999999,0,0,-0.23,-0.23,0,-0.73,0,-40.57142857142857,-1,0,0,-0.13214368583577196,-0.13214368583577196,0.6732467532467519,0.0,0.0,0.0
6.199490070343018,1709562610.9607165,-0.733712039666214,-0.22405167133201376,2.024548324714527,14.213719367980957,0.04999999999999999,0,0,-0.23,-0.23,0,-0.73,0,-40.57142857142857,-1,0,0,-0.13214368583577196,-0.13214368583577196,0.6732467532467519,0.0,0.0,0.0
6.2251691818237305,1709562610.9863956,-0.7492513603582278,-0.2060738663845998,2.028822529031074,14.213719367980957,0.04999999999999999,0,0,-0.23,-0.23,0,-0.73,0,-40.57142857142857,-1,0,0,-0.13234051723120413,-0.13234051723120413,0.8976623376623376,0.0,0.0,0.0
6.254604816436768,1709562611.0158312,-0.7457833318071538,-0.2151924890916841,2.0405456949677547,14.213719367980957,0.04999999999999999,0,0,-0.23,-0.23,0,-0.73,0,-40.57142857142857,-1,0,0,-0.1322965888695572,-0.1322965888695572,0.49870129870129887,0.0,0.0,0.0
6.275982856750488,1709562611.0372093,-0.7605240539748048,-0.22406725270105787,2.0281702459653377,14.149022102355957,0.04999999999999999,0,0,-0.23,-0.23,0,-0.73,0,-40.57142857142857,-1,0,0,-0.13248330468368077,-0.13248330468368077,0.3974025974025954,0.0,0.0,0.0
6.300146818161011,1709562611.0613732,-0.7511402278288537,-0.20748600799549988,2.0177990305974967,14.149022102355957,0.04999999999999999,0,0,-0.23,-0.23,0,-0.73,0,-40.57142857142857,-1,0,0,-0.13236444288583205,-0.13236444288583205,0.6732467532467519,0.0,0.0,0.0
6.324570417404175,1709562611.0857968,-0.6932921540968422,-0.20485510450457567,2.0177317959228542,14.149022102355957,0.04999999999999999,0,0,-0.23,-0.23,0,-0.73,0,-40.57142857142857,-1,0,0,-0.13163170061855992,-0.13163170061855992,0.6233766233766218,0.0,0.0,0.0
6.349855661392212,1709562611.111082,-0.6403245706919223,-0.23548754243673065,2.0222764330418515,14.219630241394043,0.04999999999999999,0,0,-0.23,-0.23,0,-0.73,0,-40.57142857142857,-1,0,0,-0.13096077789543092,-0.13096077789543092,0.4223376623376618,0.0,0.0,0.0
6.3743507862091064,1709562611.1355772,-0.6110651075046454,-0.22542635362418473,2.03737670063628,14.219630241394043,0.04999999999999999,0,0,-0.23,-0.23,0,-0.73,0,-40.57142857142857,-1,0,0,-0.13059015802839208,-0.13059015802839208,0.6233766233766218,0.0,0.0,0.0
6.400428771972656,1709562611.1616552,-0.5503761019647317,-0.19711201786330834,2.0090918200661996,14.219630241394043,0.04999999999999999,0,0,-0.23,-0.23,0,-0.73,0,-40.57142857142857,-1,0,0,-0.12982143062488652,-0.12982143062488652,0.49870129870129887,0.0,0.0,0.0
6.4252707958221436,1709562611.1864972,-0.5532128716261084,-0.2278857553339182,1.9852760176474231,14.219630241394043,0.04999999999999999,0,0,-0.23,-0.23,0,-0.73,0,-40.57142857142857,-1,0,0,-0.12985736304059728,-0.12985736304059728,0.49870129870129887,0.0,0.0,0.0
6.4493796825408936,1709562611.210606,-0.5510158985908915,-0.23431200284754805,1.9978196600581515,14.24769401550293,0.04999999999999999,0,0,-0.23,-0.23,0,-0.73,0,-40.57142857142857,-1,0,0,-0.12982953471548453,-0.12982953471548453,0.2228571428571442,0.0,0.0,0.0
6.475078105926514,1709562611.2363045,-0.5510158985908915,-0.23431200284754805,1.9978196600581515,14.24769401550293,0.04999999999999999,0,0,-0.23,-0.23,0,-0.73,0,-40.57142857142857,-1,0,0,-0.12982953471548453,-0.12982953471548453,0.34753246753246625,0.0,0.0,0.0
6.499542951583862,1709562611.2607694,-0.59566143010068,-0.19633700483592342,2.010301190436115,14.24769401550293,0.04999999999999999,0,0,-0.23,-0.23,0,-0.73,0,-40.57142857142857,-1,0,0,-0.1303950447812752,-0.1303950447812752,0.6732467532467519,0.0,0.0,0.0
6.52505087852478,1709562611.2862773,-0.6559297386764031,-0.20626447135112547,2.0246213223612815,14.24769401550293,0.04999999999999999,0,0,-0.23,-0.23,0,-0.73,0,-40.57142857142857,-1,0,0,-0.13115844335656768,-0.13115844335656768,0.4223376623376618,0.0,0.0,0.0
6.5530853271484375,1709562611.3143117,-0.7229007039837301,-0.22982158035508782,1.9882785261178784,14.15947437286377,0.04999999999999999,0,0,-0.23,-0.23,0,-0.73,0,-40.57142857142857,-1,0,0,-0.1320067422504605,-0.1320067422504605,0.3724675324675326,0.0,0.0,0.0
6.5744664669036865,1709562611.335693,-0.7447143004803409,-0.19343374755184484,1.985335568359249,14.15947437286377,0.04999999999999999,0,0,-0.23,-0.23,0,-0.73,0,-40.57142857142857,-1,0,0,-0.13228304780608421,-0.13228304780608421,0.6233766233766218,0.0,0.0,0.0
6.59968638420105,1709562611.3609128,-0.7622276525641942,-0.21041647931455265,1.9792744158010975,14.15947437286377,0.04999999999999999,0,0,-0.23,-0.23,0,-0.73,0,-40.57142857142857,-1,0,0,-0.13250488359914636,-0.13250488359914636,0.2727272727272734,0.0,0.0,0.0
6.625380516052246,1709562611.386607,-0.7855565905611959,-0.23244319905760924,2.0218969306560926,14.15947437286377,0.04999999999999999,0,0,-0.23,-0.23,0,-0.73,0,-40.57142857142857,-1,0,0,-0.1328003834804417,-0.1328003834804417,0.4223376623376618,0.0,0.0,0.0
6.650082111358643,1709562611.4113085,-0.7692919891566914,-0.21708936069024354,2.0326186201057204,14.173973083496094,0.04999999999999999,0,0,-0.23,-0.23,0,-0.73,0,-40.57142857142857,-1,0,0,-0.13259436519598466,-0.13259436519598466,0.5236363636363635,0.0,0.0,0.0
6.674420356750488,1709562611.4356468,-0.7372178477011346,-0.2123339482023281,2.0377115933490226,14.173973083496094,0.04999999999999999,0,0,-0.23,-0.23,0,-0.73,0,-40.57142857142857,-1,0,0,-0.1321880927375476,-0.1321880927375476,0.548571428571428,0.0,0.0,0.0
6.699933052062988,1709562611.4611595,-0.7372178477011346,-0.2123339482023281,2.0377115933490226,14.173973083496094,0.04999999999999999,0,0,-0.23,-0.23,0,-0.73,0,-40.57142857142857,-1,0,0,-0.1321880927375476,-0.1321880927375476,0.548571428571428,0.0,0.0,0.0
6.724574089050293,1709562611.4858005,-0.6461554178089974,-0.2502723406688696,2.026535269432766,14.173973083496094,0.04999999999999999,0,0,-0.23,-0.23,0,-0.73,0,-40.57142857142857,-1,0,0,-0.1310346352922472,-0.1310346352922472,0.6233766233766218,0.0,0.0,0.0
6.750261545181274,1709562611.511488,-0.6073072228006691,-0.22237987581094742,2.007780210302146,14.173973083496094,0.04999999999999999,0,0,-0.23,-0.23,0,-0.73,0,-40.57142857142857,-1,0,0,-0.13054255815547505,-0.13054255815547505,0.548571428571428,0.0,0.0,0.0
6.774832487106323,1709562611.536059,-0.57613754780161,-0.23443718740842967,1.974591253907996,14.148321151733398,0.04999999999999999,0,0,-0.23,-0.23,0,-0.73,0,-40.57142857142857,-1,0,0,-0.13014774227215364,-0.13014774227215364,0.2228571428571442,0.0,0.0,0.0
6.800320625305176,1709562611.561547,-0.57613754780161,-0.23443718740842967,1.974591253907996,14.148321151733398,0.04999999999999999,0,0,-0.23,-0.23,0,-0.73,0,-40.57142857142857,-1,0,0,-0.13014774227215364,-0.13014774227215364,0.5236363636363635,0.0,0.0,0.0
